experiment_name,k,strategy,fusion_type,epoch,train_loss,train_accuracy,train_precision,train_recall,train_f1,train_roc_auc,train_far,val_loss,val_accuracy,val_precision,val_recall,val_f1,val_roc_auc,val_far
lightweight_temporal_fusion_K3_uniform_attention,3,uniform,attention,1,0.575070840956872,0.7192982456140351,0.3469387755102041,0.68,0.4594594594594595,0.7756595744680851,0.2723404255319149,1.3526458144187927,0.7222222222222222,1.0,0.4444444444444444,0.6153846153846154,0.7407407407407407,0.0
lightweight_temporal_fusion_K3_uniform_attention,3,uniform,attention,2,0.5080696569200147,0.7807017543859649,0.4269005847953216,0.73,0.5387453874538746,0.8296170212765958,0.20851063829787234,0.5917629591292806,0.7777777777777778,0.7272727272727273,0.8888888888888888,0.8,0.8641975308641976,0.3333333333333333
lightweight_temporal_fusion_K3_uniform_attention,3,uniform,attention,3,0.39855607998998543,0.8245614035087719,0.5,0.87,0.635036496350365,0.900468085106383,0.1851063829787234,0.8437104059590234,0.7777777777777778,0.7777777777777778,0.7777777777777778,0.7777777777777778,0.7901234567901234,0.2222222222222222
lightweight_temporal_fusion_K3_uniform_attention,3,uniform,attention,4,0.4501291621149632,0.8280701754385965,0.5066666666666667,0.76,0.608,0.8752765957446808,0.1574468085106383,1.1648386816183727,0.7777777777777778,0.8571428571428571,0.6666666666666666,0.75,0.7654320987654322,0.1111111111111111
lightweight_temporal_fusion_K3_uniform_attention,3,uniform,attention,5,0.38252123724995996,0.8385964912280702,0.5285714285714286,0.74,0.6166666666666667,0.9005106382978723,0.14042553191489363,0.9587696095307668,0.8333333333333334,0.875,0.7777777777777778,0.8235294117647058,0.8518518518518519,0.1111111111111111
lightweight_temporal_fusion_K3_uniform_attention,3,uniform,attention,6,0.29934822992797483,0.8666666666666667,0.5821917808219178,0.85,0.6910569105691057,0.9431063829787234,0.12978723404255318,0.9604508479436239,0.7777777777777778,0.7777777777777778,0.7777777777777778,0.7777777777777778,0.7530864197530864,0.2222222222222222
lightweight_temporal_fusion_K3_uniform_attention,3,uniform,attention,7,0.2969092727753154,0.875438596491228,0.6013986013986014,0.86,0.7078189300411523,0.9437659574468086,0.12127659574468085,1.5004344019624922,0.7777777777777778,0.7777777777777778,0.7777777777777778,0.7777777777777778,0.7777777777777778,0.2222222222222222
lightweight_temporal_fusion_K3_uniform_attention,3,uniform,attention,8,0.24333411795005463,0.9035087719298246,0.6666666666666666,0.9,0.7659574468085106,0.9640212765957445,0.09574468085106383,1.4549129671520658,0.6666666666666666,0.7142857142857143,0.5555555555555556,0.625,0.8271604938271605,0.2222222222222222
lightweight_temporal_fusion_K3_uniform_attention,3,uniform,attention,9,0.2582299966038319,0.887719298245614,0.6363636363636364,0.84,0.7241379310344828,0.9549361702127659,0.10212765957446808,1.939129329389996,0.7777777777777778,0.7777777777777778,0.7777777777777778,0.7777777777777778,0.7530864197530864,0.2222222222222222
lightweight_temporal_fusion_K3_uniform_attention,3,uniform,attention,10,0.22161596860540542,0.9228070175438596,0.7333333333333333,0.88,0.8,0.9729361702127659,0.06808510638297872,1.037538879447513,0.7777777777777778,0.7777777777777778,0.7777777777777778,0.7777777777777778,0.8518518518518519,0.2222222222222222
