experiment_name,k,strategy,pooling_type,epoch,train_loss,train_accuracy,train_precision,train_recall,train_f1,train_roc_auc,train_far,val_loss,val_accuracy,val_precision,val_recall,val_f1,val_roc_auc,val_far
temporal_pooling_K5_uniform_mean,5,uniform,mean,1,0.6008668557593697,0.7105263157894737,0.32620320855614976,0.61,0.4250871080139373,0.753936170212766,0.2680851063829787,0.8910814656151665,0.7777777777777778,0.8571428571428571,0.6666666666666666,0.75,0.8024691358024691,0.1111111111111111
temporal_pooling_K5_uniform_mean,5,uniform,mean,2,0.386803366426836,0.8350877192982457,0.5194805194805194,0.8,0.6299212598425197,0.9031489361702127,0.1574468085106383,0.7959309485223558,0.7222222222222222,0.7,0.7777777777777778,0.7368421052631579,0.8395061728395062,0.3333333333333333
temporal_pooling_K5_uniform_mean,5,uniform,mean,3,0.36841957156072586,0.8578947368421053,0.5655172413793104,0.82,0.6693877551020408,0.922404255319149,0.13404255319148936,0.7688098748524984,0.7222222222222222,0.75,0.6666666666666666,0.7058823529411765,0.8518518518518517,0.2222222222222222
temporal_pooling_K5_uniform_mean,5,uniform,mean,4,0.3391566665810451,0.8649122807017544,0.5864661654135338,0.78,0.6695278969957081,0.9276808510638297,0.11702127659574468,1.8158978290028043,0.7222222222222222,1.0,0.4444444444444444,0.6153846153846154,0.8395061728395061,0.0
temporal_pooling_K5_uniform_mean,5,uniform,mean,5,0.2992736788695319,0.8964912280701754,0.6518518518518519,0.88,0.7489361702127659,0.9497659574468086,0.1,0.8036637488338683,0.8333333333333334,0.8,0.8888888888888888,0.8421052631578947,0.8395061728395061,0.2222222222222222
temporal_pooling_K5_uniform_mean,5,uniform,mean,6,0.2863812335489089,0.9192982456140351,0.75,0.81,0.7788461538461539,0.944,0.0574468085106383,2.5077688172459602,0.7777777777777778,0.7777777777777778,0.7777777777777778,0.7777777777777778,0.8518518518518517,0.2222222222222222
temporal_pooling_K5_uniform_mean,5,uniform,mean,7,0.2776469916889542,0.9017543859649123,0.6774193548387096,0.84,0.75,0.9515957446808512,0.0851063829787234,1.1702525346643395,0.7777777777777778,0.7777777777777778,0.7777777777777778,0.7777777777777778,0.8518518518518517,0.2222222222222222
temporal_pooling_K5_uniform_mean,5,uniform,mean,8,0.1826522546117766,0.9333333333333333,0.75,0.93,0.8303571428571429,0.9814255319148937,0.06595744680851064,1.027268214358224,0.8333333333333334,0.875,0.7777777777777778,0.8235294117647058,0.8888888888888888,0.1111111111111111
temporal_pooling_K5_uniform_mean,5,uniform,mean,9,0.2189623188423483,0.9157894736842105,0.7203389830508474,0.85,0.7798165137614679,0.9710851063829786,0.07021276595744681,1.4589772638347414,0.7222222222222222,0.75,0.6666666666666666,0.7058823529411765,0.7654320987654322,0.2222222222222222
temporal_pooling_K5_uniform_mean,5,uniform,mean,10,0.22053858633888396,0.9315789473684211,0.7606837606837606,0.89,0.8202764976958525,0.9720212765957448,0.059574468085106386,1.3658012110326025,0.7777777777777778,0.7777777777777778,0.7777777777777778,0.7777777777777778,0.8148148148148147,0.2222222222222222
