k,strategy,split,status,samples,batch_shape,labels_shape
1,recent_window,train,ok,570,"[4, 1, 3, 266, 266]",[4]
1,recent_window,val,ok,18,"[4, 1, 3, 266, 266]",[4]
1,recent_window,test,ok,87,"[4, 1, 3, 266, 266]",[4]
1,uniform,train,ok,570,"[4, 1, 3, 266, 266]",[4]
1,uniform,val,ok,18,"[4, 1, 3, 266, 266]",[4]
1,uniform,test,ok,87,"[4, 1, 3, 266, 266]",[4]
1,early_late,train,ok,570,"[4, 1, 3, 266, 266]",[4]
1,early_late,val,ok,18,"[4, 1, 3, 266, 266]",[4]
1,early_late,test,ok,87,"[4, 1, 3, 266, 266]",[4]
1,random,train,ok,570,"[4, 1, 3, 266, 266]",[4]
1,random,val,ok,18,"[4, 1, 3, 266, 266]",[4]
1,random,test,ok,87,"[4, 1, 3, 266, 266]",[4]
2,recent_window,train,ok,570,"[4, 2, 3, 266, 266]",[4]
2,recent_window,val,ok,18,"[4, 2, 3, 266, 266]",[4]
2,recent_window,test,ok,87,"[4, 2, 3, 266, 266]",[4]
2,uniform,train,ok,570,"[4, 2, 3, 266, 266]",[4]
2,uniform,val,ok,18,"[4, 2, 3, 266, 266]",[4]
2,uniform,test,ok,87,"[4, 2, 3, 266, 266]",[4]
2,early_late,train,ok,570,"[4, 2, 3, 266, 266]",[4]
2,early_late,val,ok,18,"[4, 2, 3, 266, 266]",[4]
2,early_late,test,ok,87,"[4, 2, 3, 266, 266]",[4]
2,random,train,ok,570,"[4, 2, 3, 266, 266]",[4]
2,random,val,ok,18,"[4, 2, 3, 266, 266]",[4]
2,random,test,ok,87,"[4, 2, 3, 266, 266]",[4]
3,recent_window,train,ok,570,"[4, 3, 3, 266, 266]",[4]
3,recent_window,val,ok,18,"[4, 3, 3, 266, 266]",[4]
3,recent_window,test,ok,87,"[4, 3, 3, 266, 266]",[4]
3,uniform,train,ok,570,"[4, 3, 3, 266, 266]",[4]
3,uniform,val,ok,18,"[4, 3, 3, 266, 266]",[4]
3,uniform,test,ok,87,"[4, 3, 3, 266, 266]",[4]
3,early_late,train,ok,570,"[4, 3, 3, 266, 266]",[4]
3,early_late,val,ok,18,"[4, 3, 3, 266, 266]",[4]
3,early_late,test,ok,87,"[4, 3, 3, 266, 266]",[4]
3,random,train,ok,570,"[4, 3, 3, 266, 266]",[4]
3,random,val,ok,18,"[4, 3, 3, 266, 266]",[4]
3,random,test,ok,87,"[4, 3, 3, 266, 266]",[4]
5,recent_window,train,ok,570,"[4, 5, 3, 266, 266]",[4]
5,recent_window,val,ok,18,"[4, 5, 3, 266, 266]",[4]
5,recent_window,test,ok,87,"[4, 5, 3, 266, 266]",[4]
5,uniform,train,ok,570,"[4, 5, 3, 266, 266]",[4]
5,uniform,val,ok,18,"[4, 5, 3, 266, 266]",[4]
5,uniform,test,ok,87,"[4, 5, 3, 266, 266]",[4]
5,early_late,train,ok,570,"[4, 5, 3, 266, 266]",[4]
5,early_late,val,ok,18,"[4, 5, 3, 266, 266]",[4]
5,early_late,test,ok,87,"[4, 5, 3, 266, 266]",[4]
5,random,train,ok,570,"[4, 5, 3, 266, 266]",[4]
5,random,val,ok,18,"[4, 5, 3, 266, 266]",[4]
5,random,test,ok,87,"[4, 5, 3, 266, 266]",[4]
8,recent_window,train,ok,570,"[4, 8, 3, 266, 266]",[4]
8,recent_window,val,ok,18,"[4, 8, 3, 266, 266]",[4]
8,recent_window,test,ok,87,"[4, 8, 3, 266, 266]",[4]
8,uniform,train,ok,570,"[4, 8, 3, 266, 266]",[4]
8,uniform,val,ok,18,"[4, 8, 3, 266, 266]",[4]
8,uniform,test,ok,87,"[4, 8, 3, 266, 266]",[4]
8,early_late,train,ok,570,"[4, 8, 3, 266, 266]",[4]
8,early_late,val,ok,18,"[4, 8, 3, 266, 266]",[4]
8,early_late,test,ok,87,"[4, 8, 3, 266, 266]",[4]
8,random,train,ok,570,"[4, 8, 3, 266, 266]",[4]
8,random,val,ok,18,"[4, 8, 3, 266, 266]",[4]
8,random,test,ok,87,"[4, 8, 3, 266, 266]",[4]
