site_id,label,frame_count,first_year,last_year,unique_years,unique_months,width,height,channels
0,looted,95,2016.0,2023.0,8,12,266,266,3
0,preserved,95,2016.0,2023.0,8,12,266,266,3
1,looted,94,2016.0,2023.0,8,12,266,266,3
1,preserved,95,2016.0,2023.0,8,12,266,266,3
10,looted,95,2016.0,2023.0,8,12,266,266,3
10,preserved,94,2016.0,2023.0,8,12,266,266,3
100,looted,94,2016.0,2023.0,8,12,266,266,3
100,preserved,95,2016.0,2023.0,8,12,266,266,3
101,looted,94,2016.0,2023.0,8,12,266,266,3
101,preserved,95,2016.0,2023.0,8,12,266,266,3
102,looted,95,2016.0,2023.0,8,12,266,266,3
102,preserved,95,2016.0,2023.0,8,12,266,266,3
103,looted,94,2016.0,2023.0,8,12,266,266,3
103,preserved,95,2016.0,2023.0,8,12,266,266,3
104,looted,94,2016.0,2023.0,8,12,266,266,3
104,preserved,95,2016.0,2023.0,8,12,266,266,3
105,looted,94,2016.0,2023.0,8,12,266,266,3
105,preserved,95,2016.0,2023.0,8,12,266,266,3
106,looted,94,2016.0,2023.0,8,12,266,266,3
106,preserved,95,2016.0,2023.0,8,12,266,266,3
107,looted,94,2016.0,2023.0,8,12,266,266,3
107,preserved,95,2016.0,2023.0,8,12,266,266,3
108,looted,94,2016.0,2023.0,8,12,266,266,3
108,preserved,95,2016.0,2023.0,8,12,266,266,3
109,looted,94,2016.0,2023.0,8,12,266,266,3
109,preserved,95,2016.0,2023.0,8,12,266,266,3
11,looted,94,2016.0,2023.0,8,12,266,266,3
11,preserved,92,2016.0,2023.0,8,12,266,266,3
110,looted,94,2016.0,2023.0,8,12,266,266,3
110,preserved,95,2016.0,2023.0,8,12,266,266,3
111,looted,94,2016.0,2023.0,8,12,266,266,3
111,preserved,95,2016.0,2023.0,8,12,266,266,3
112,looted,94,2016.0,2023.0,8,12,266,266,3
112,preserved,95,2016.0,2023.0,8,12,266,266,3
113,looted,94,2016.0,2023.0,8,12,266,266,3
113,preserved,95,2016.0,2023.0,8,12,266,266,3
114,looted,95,2016.0,2023.0,8,12,266,266,3
114,preserved,95,2016.0,2023.0,8,12,266,266,3
115,looted,94,2016.0,2023.0,8,12,266,266,3
115,preserved,95,2016.0,2023.0,8,12,266,266,3
116,looted,94,2016.0,2023.0,8,12,266,266,3
116,preserved,95,2016.0,2023.0,8,12,266,266,3
117,looted,95,2016.0,2023.0,8,12,266,266,3
117,preserved,95,2016.0,2023.0,8,12,266,266,3
118,looted,94,2016.0,2023.0,8,12,266,266,3
118,preserved,95,2016.0,2023.0,8,12,266,266,3
119,looted,94,2016.0,2023.0,8,12,266,266,3
119,preserved,95,2016.0,2023.0,8,12,266,266,3
12,looted,94,2016.0,2023.0,8,12,266,266,3
12,preserved,94,2016.0,2023.0,8,12,266,266,3
120,looted,95,2016.0,2023.0,8,12,266,266,3
120,preserved,95,2016.0,2023.0,8,12,266,266,3
121,looted,95,2016.0,2023.0,8,12,266,266,3
121,preserved,95,2016.0,2023.0,8,12,266,266,3
122,looted,94,2016.0,2023.0,8,12,266,266,3
122,preserved,95,2016.0,2023.0,8,12,266,266,3
123,looted,95,2016.0,2023.0,8,12,266,266,3
123,preserved,93,2016.0,2023.0,8,12,266,266,3
124,looted,94,2016.0,2023.0,8,12,266,266,3
124,preserved,95,2016.0,2023.0,8,12,266,266,3
125,looted,95,2016.0,2023.0,8,12,266,266,3
125,preserved,93,2016.0,2023.0,8,12,266,266,3
126,looted,94,2016.0,2023.0,8,12,266,266,3
126,preserved,93,2016.0,2023.0,8,12,266,266,3
127,looted,94,2016.0,2023.0,8,12,266,266,3
127,preserved,95,2016.0,2023.0,8,12,266,266,3
128,looted,93,2016.0,2023.0,8,12,266,266,3
128,preserved,95,2016.0,2023.0,8,12,266,266,3
129,looted,94,2016.0,2023.0,8,12,266,266,3
129,preserved,95,2016.0,2023.0,8,12,266,266,3
13,looted,93,2016.0,2023.0,8,12,266,266,3
13,preserved,94,2016.0,2023.0,8,12,266,266,3
130,looted,94,2016.0,2023.0,8,12,266,266,3
130,preserved,95,2016.0,2023.0,8,12,266,266,3
131,looted,95,2016.0,2023.0,8,12,266,266,3
131,preserved,95,2016.0,2023.0,8,12,266,266,3
132,looted,94,2016.0,2023.0,8,12,266,266,3
132,preserved,92,2016.0,2023.0,8,12,266,266,3
133,looted,94,2016.0,2023.0,8,12,266,266,3
133,preserved,94,2016.0,2023.0,8,12,266,266,3
134,looted,95,2016.0,2023.0,8,12,266,266,3
134,preserved,90,2016.0,2023.0,8,12,266,266,3
135,preserved,95,2016.0,2023.0,8,12,266,266,3
136,preserved,83,2016.0,2023.0,8,12,266,266,3
137,preserved,94,2016.0,2023.0,8,12,266,266,3
138,preserved,95,2016.0,2023.0,8,12,266,266,3
139,preserved,95,2016.0,2023.0,8,12,266,266,3
14,looted,94,2016.0,2023.0,8,12,266,266,3
14,preserved,92,2016.0,2023.0,8,12,266,266,3
140,preserved,94,2016.0,2023.0,8,12,266,266,3
141,preserved,94,2016.0,2023.0,8,12,266,266,3
142,preserved,94,2016.0,2023.0,8,12,266,266,3
143,preserved,95,2016.0,2023.0,8,12,266,266,3
144,preserved,94,2016.0,2023.0,8,12,266,266,3
145,preserved,92,2016.0,2023.0,8,12,266,266,3
146,preserved,95,2016.0,2023.0,8,12,266,266,3
147,preserved,93,2016.0,2023.0,8,12,266,266,3
148,preserved,95,2016.0,2023.0,8,12,266,266,3
149,preserved,95,2016.0,2023.0,8,12,266,266,3
15,looted,94,2016.0,2023.0,8,12,266,266,3
15,preserved,94,2016.0,2023.0,8,12,266,266,3
150,preserved,95,2016.0,2023.0,8,12,266,266,3
151,preserved,93,2016.0,2023.0,8,12,266,266,3
152,preserved,93,2016.0,2023.0,8,12,266,266,3
153,preserved,85,2016.0,2023.0,8,12,266,266,3
154,preserved,85,2016.0,2023.0,8,12,266,266,3
155,preserved,86,2016.0,2023.0,8,12,266,266,3
156,preserved,91,2016.0,2023.0,8,12,266,266,3
157,preserved,94,2016.0,2023.0,8,12,266,266,3
158,preserved,94,2016.0,2023.0,8,12,266,266,3
159,preserved,95,2016.0,2023.0,8,12,266,266,3
16,looted,94,2016.0,2023.0,8,12,266,266,3
16,preserved,94,2016.0,2023.0,8,12,266,266,3
160,preserved,87,2016.0,2023.0,8,12,266,266,3
161,preserved,95,2016.0,2023.0,8,12,266,266,3
162,preserved,95,2016.0,2023.0,8,12,266,266,3
163,preserved,95,2016.0,2023.0,8,12,266,266,3
164,preserved,95,2016.0,2023.0,8,12,266,266,3
165,preserved,95,2016.0,2023.0,8,12,266,266,3
166,preserved,95,2016.0,2023.0,8,12,266,266,3
167,preserved,86,2016.0,2023.0,8,12,266,266,3
168,preserved,95,2016.0,2023.0,8,12,266,266,3
169,preserved,94,2016.0,2023.0,8,12,266,266,3
17,looted,94,2016.0,2023.0,8,12,266,266,3
17,preserved,93,2016.0,2023.0,8,12,266,266,3
170,preserved,94,2016.0,2023.0,8,12,266,266,3
171,preserved,93,2016.0,2023.0,8,12,266,266,3
172,preserved,94,2016.0,2023.0,8,12,266,266,3
173,preserved,94,2016.0,2023.0,8,12,266,266,3
174,preserved,94,2016.0,2023.0,8,12,266,266,3
175,preserved,95,2016.0,2023.0,8,12,266,266,3
176,preserved,93,2016.0,2023.0,8,12,266,266,3
177,preserved,95,2016.0,2023.0,8,12,266,266,3
178,preserved,95,2016.0,2023.0,8,12,266,266,3
179,preserved,94,2016.0,2023.0,8,12,266,266,3
18,looted,94,2016.0,2023.0,8,12,266,266,3
18,preserved,93,2016.0,2023.0,8,12,266,266,3
180,preserved,95,2016.0,2023.0,8,12,266,266,3
181,preserved,93,2016.0,2023.0,8,12,266,266,3
182,preserved,94,2016.0,2023.0,8,12,266,266,3
183,preserved,93,2016.0,2023.0,8,12,266,266,3
184,preserved,94,2016.0,2023.0,8,12,266,266,3
185,preserved,93,2016.0,2023.0,8,12,266,266,3
186,preserved,93,2016.0,2023.0,8,12,266,266,3
187,preserved,94,2016.0,2023.0,8,12,266,266,3
188,preserved,95,2016.0,2023.0,8,12,266,266,3
189,preserved,95,2016.0,2023.0,8,12,266,266,3
19,looted,94,2016.0,2023.0,8,12,266,266,3
19,preserved,93,2016.0,2023.0,8,12,266,266,3
190,preserved,93,2016.0,2023.0,8,12,266,266,3
191,preserved,93,2016.0,2023.0,8,12,266,266,3
192,preserved,93,2016.0,2023.0,8,12,266,266,3
193,preserved,93,2016.0,2023.0,8,12,266,266,3
194,preserved,85,2016.0,2023.0,8,12,266,266,3
195,preserved,84,2016.0,2023.0,8,12,266,266,3
196,preserved,84,2016.0,2023.0,8,12,266,266,3
197,preserved,93,2016.0,2023.0,8,12,266,266,3
198,preserved,94,2016.0,2023.0,8,12,266,266,3
199,preserved,94,2016.0,2023.0,8,12,266,266,3
2,looted,94,2016.0,2023.0,8,12,266,266,3
2,preserved,95,2016.0,2023.0,8,12,266,266,3
20,looted,94,2016.0,2023.0,8,12,266,266,3
20,preserved,93,2016.0,2023.0,8,12,266,266,3
200,preserved,94,2016.0,2023.0,8,12,266,266,3
201,preserved,83,2016.0,2023.0,8,12,266,266,3
202,preserved,85,2016.0,2023.0,8,12,266,266,3
203,preserved,94,2016.0,2023.0,8,12,266,266,3
204,preserved,84,2016.0,2023.0,8,12,266,266,3
205,preserved,93,2016.0,2023.0,8,12,266,266,3
206,preserved,94,2016.0,2023.0,8,12,266,266,3
207,preserved,87,2016.0,2023.0,8,12,266,266,3
208,preserved,92,2016.0,2023.0,8,12,266,266,3
209,preserved,85,2016.0,2023.0,8,12,266,266,3
21,looted,94,2016.0,2023.0,8,12,266,266,3
21,preserved,93,2016.0,2023.0,8,12,266,266,3
210,preserved,83,2016.0,2023.0,8,12,266,266,3
211,preserved,84,2016.0,2023.0,8,12,266,266,3
212,preserved,93,2016.0,2023.0,8,12,266,266,3
213,preserved,86,2016.0,2023.0,8,12,266,266,3
214,preserved,95,2016.0,2023.0,8,12,266,266,3
215,preserved,93,2016.0,2023.0,8,12,266,266,3
216,preserved,93,2016.0,2023.0,8,12,266,266,3
217,preserved,95,2016.0,2023.0,8,12,266,266,3
218,preserved,93,2016.0,2023.0,8,12,266,266,3
219,preserved,95,2016.0,2023.0,8,12,266,266,3
22,looted,95,2016.0,2023.0,8,12,266,266,3
22,preserved,94,2016.0,2023.0,8,12,266,266,3
220,preserved,94,2016.0,2023.0,8,12,266,266,3
221,preserved,94,2016.0,2023.0,8,12,266,266,3
222,preserved,95,2016.0,2023.0,8,12,266,266,3
223,preserved,93,2016.0,2023.0,8,12,266,266,3
224,preserved,81,2016.0,2023.0,8,12,266,266,3
225,preserved,85,2016.0,2023.0,8,12,266,266,3
226,preserved,94,2016.0,2023.0,8,12,266,266,3
227,preserved,86,2016.0,2023.0,8,12,266,266,3
228,preserved,94,2016.0,2023.0,8,12,266,266,3
229,preserved,95,2016.0,2023.0,8,12,266,266,3
23,looted,94,2016.0,2023.0,8,12,266,266,3
23,preserved,94,2016.0,2023.0,8,12,266,266,3
230,preserved,94,2016.0,2023.0,8,12,266,266,3
231,preserved,95,2016.0,2023.0,8,12,266,266,3
232,preserved,94,2016.0,2023.0,8,12,266,266,3
233,preserved,94,2016.0,2023.0,8,12,266,266,3
234,preserved,93,2016.0,2023.0,8,12,266,266,3
235,preserved,93,2016.0,2023.0,8,12,266,266,3
236,preserved,94,2016.0,2023.0,8,12,266,266,3
237,preserved,93,2016.0,2023.0,8,12,266,266,3
238,preserved,93,2016.0,2023.0,8,12,266,266,3
239,preserved,92,2016.0,2023.0,8,12,266,266,3
24,looted,94,2016.0,2023.0,8,12,266,266,3
24,preserved,93,2016.0,2023.0,8,12,266,266,3
240,preserved,95,2016.0,2023.0,8,12,266,266,3
241,preserved,95,2016.0,2023.0,8,12,266,266,3
242,preserved,95,2016.0,2023.0,8,12,266,266,3
243,preserved,93,2016.0,2023.0,8,12,266,266,3
244,preserved,93,2016.0,2023.0,8,12,266,266,3
245,preserved,95,2016.0,2023.0,8,12,266,266,3
246,preserved,94,2016.0,2023.0,8,12,266,266,3
247,preserved,94,2016.0,2023.0,8,12,266,266,3
248,preserved,94,2016.0,2023.0,8,12,266,266,3
249,preserved,95,2016.0,2023.0,8,12,266,266,3
25,looted,94,2016.0,2023.0,8,12,266,266,3
25,preserved,95,2016.0,2023.0,8,12,266,266,3
250,preserved,95,2016.0,2023.0,8,12,266,266,3
251,preserved,95,2016.0,2023.0,8,12,266,266,3
252,preserved,94,2016.0,2023.0,8,12,266,266,3
253,preserved,92,2016.0,2023.0,8,12,266,266,3
254,preserved,95,2016.0,2023.0,8,12,266,266,3
255,preserved,95,2016.0,2023.0,8,12,266,266,3
256,preserved,94,2016.0,2023.0,8,12,266,266,3
257,preserved,94,2016.0,2023.0,8,12,266,266,3
258,preserved,94,2016.0,2023.0,8,12,266,266,3
259,preserved,94,2016.0,2023.0,8,12,266,266,3
26,looted,95,2016.0,2023.0,8,12,266,266,3
26,preserved,94,2016.0,2023.0,8,12,266,266,3
260,preserved,94,2016.0,2023.0,8,12,266,266,3
261,preserved,94,2016.0,2023.0,8,12,266,266,3
262,preserved,93,2016.0,2023.0,8,12,266,266,3
263,preserved,94,2016.0,2023.0,8,12,266,266,3
264,preserved,94,2016.0,2023.0,8,12,266,266,3
265,preserved,95,2016.0,2023.0,8,12,266,266,3
266,preserved,95,2016.0,2023.0,8,12,266,266,3
267,preserved,95,2016.0,2023.0,8,12,266,266,3
268,preserved,94,2016.0,2023.0,8,12,266,266,3
269,preserved,95,2016.0,2023.0,8,12,266,266,3
27,looted,94,2016.0,2023.0,8,12,266,266,3
27,preserved,95,2016.0,2023.0,8,12,266,266,3
270,preserved,95,2016.0,2023.0,8,12,266,266,3
271,preserved,95,2016.0,2023.0,8,12,266,266,3
272,preserved,95,2016.0,2023.0,8,12,266,266,3
273,preserved,95,2016.0,2023.0,8,12,266,266,3
274,preserved,94,2016.0,2023.0,8,12,266,266,3
275,preserved,95,2016.0,2023.0,8,12,266,266,3
276,preserved,95,2016.0,2023.0,8,12,266,266,3
277,preserved,95,2016.0,2023.0,8,12,266,266,3
278,preserved,93,2016.0,2023.0,8,12,266,266,3
279,preserved,95,2016.0,2023.0,8,12,266,266,3
28,looted,95,2016.0,2023.0,8,12,266,266,3
28,preserved,95,2016.0,2023.0,8,12,266,266,3
280,preserved,94,2016.0,2023.0,8,12,266,266,3
281,preserved,95,2016.0,2023.0,8,12,266,266,3
282,preserved,94,2016.0,2023.0,8,12,266,266,3
283,preserved,95,2016.0,2023.0,8,12,266,266,3
284,preserved,94,2016.0,2023.0,8,12,266,266,3
285,preserved,94,2016.0,2023.0,8,12,266,266,3
286,preserved,94,2016.0,2023.0,8,12,266,266,3
287,preserved,94,2016.0,2023.0,8,12,266,266,3
288,preserved,94,2016.0,2023.0,8,12,266,266,3
289,preserved,94,2016.0,2023.0,8,12,266,266,3
29,looted,95,2016.0,2023.0,8,12,266,266,3
29,preserved,94,2016.0,2023.0,8,12,266,266,3
290,preserved,94,2016.0,2023.0,8,12,266,266,3
291,preserved,95,2016.0,2023.0,8,12,266,266,3
292,preserved,94,2016.0,2023.0,8,12,266,266,3
293,preserved,95,2016.0,2023.0,8,12,266,266,3
294,preserved,94,2016.0,2023.0,8,12,266,266,3
295,preserved,94,2016.0,2023.0,8,12,266,266,3
296,preserved,94,2016.0,2023.0,8,12,266,266,3
297,preserved,94,2016.0,2023.0,8,12,266,266,3
298,preserved,94,2016.0,2023.0,8,12,266,266,3
299,preserved,94,2016.0,2023.0,8,12,266,266,3
3,looted,94,2016.0,2023.0,8,12,266,266,3
3,preserved,93,2016.0,2023.0,8,12,266,266,3
30,looted,94,2016.0,2023.0,8,12,266,266,3
30,preserved,95,2016.0,2023.0,8,12,266,266,3
300,preserved,94,2016.0,2023.0,8,12,266,266,3
301,preserved,94,2016.0,2023.0,8,12,266,266,3
302,preserved,94,2016.0,2023.0,8,12,266,266,3
303,preserved,94,2016.0,2023.0,8,12,266,266,3
304,preserved,95,2016.0,2023.0,8,12,266,266,3
305,preserved,94,2016.0,2023.0,8,12,266,266,3
306,preserved,95,2016.0,2023.0,8,12,266,266,3
307,preserved,95,2016.0,2023.0,8,12,266,266,3
308,preserved,94,2016.0,2023.0,8,12,266,266,3
309,preserved,93,2016.0,2023.0,8,12,266,266,3
31,looted,94,2016.0,2023.0,8,12,266,266,3
31,preserved,93,2016.0,2023.0,8,12,266,266,3
310,preserved,94,2016.0,2023.0,8,12,266,266,3
311,preserved,94,2016.0,2023.0,8,12,266,266,3
312,preserved,95,2016.0,2023.0,8,12,266,266,3
313,preserved,94,2016.0,2023.0,8,12,266,266,3
314,preserved,94,2016.0,2023.0,8,12,266,266,3
315,preserved,95,2016.0,2023.0,8,12,266,266,3
316,preserved,93,2016.0,2023.0,8,12,266,266,3
317,preserved,94,2016.0,2023.0,8,12,266,266,3
318,preserved,94,2016.0,2023.0,8,12,266,266,3
319,preserved,94,2016.0,2023.0,8,12,266,266,3
32,looted,94,2016.0,2023.0,8,12,266,266,3
32,preserved,92,2016.0,2023.0,8,12,266,266,3
320,preserved,95,2016.0,2023.0,8,12,266,266,3
321,preserved,94,2016.0,2023.0,8,12,266,266,3
322,preserved,94,2016.0,2023.0,8,12,266,266,3
323,preserved,95,2016.0,2023.0,8,12,266,266,3
324,preserved,94,2016.0,2023.0,8,12,266,266,3
325,preserved,94,2016.0,2023.0,8,12,266,266,3
326,preserved,94,2016.0,2023.0,8,12,266,266,3
327,preserved,95,2016.0,2023.0,8,12,266,266,3
328,preserved,95,2016.0,2023.0,8,12,266,266,3
329,preserved,94,2016.0,2023.0,8,12,266,266,3
33,looted,94,2016.0,2023.0,8,12,266,266,3
33,preserved,95,2016.0,2023.0,8,12,266,266,3
330,preserved,94,2016.0,2023.0,8,12,266,266,3
331,preserved,95,2016.0,2023.0,8,12,266,266,3
332,preserved,94,2016.0,2023.0,8,12,266,266,3
333,preserved,95,2016.0,2023.0,8,12,266,266,3
334,preserved,94,2016.0,2023.0,8,12,266,266,3
335,preserved,95,2016.0,2023.0,8,12,266,266,3
336,preserved,95,2016.0,2023.0,8,12,266,266,3
337,preserved,95,2016.0,2023.0,8,12,266,266,3
338,preserved,95,2016.0,2023.0,8,12,266,266,3
339,preserved,95,2016.0,2023.0,8,12,266,266,3
34,looted,94,2016.0,2023.0,8,12,266,266,3
34,preserved,95,2016.0,2023.0,8,12,266,266,3
340,preserved,94,2016.0,2023.0,8,12,266,266,3
341,preserved,95,2016.0,2023.0,8,12,266,266,3
342,preserved,95,2016.0,2023.0,8,12,266,266,3
343,preserved,95,2016.0,2023.0,8,12,266,266,3
344,preserved,94,2016.0,2023.0,8,12,266,266,3
345,preserved,94,2016.0,2023.0,8,12,266,266,3
346,preserved,95,2016.0,2023.0,8,12,266,266,3
347,preserved,94,2016.0,2023.0,8,12,266,266,3
348,preserved,94,2016.0,2023.0,8,12,266,266,3
349,preserved,95,2016.0,2023.0,8,12,266,266,3
35,looted,94,2016.0,2023.0,8,12,266,266,3
35,preserved,95,2016.0,2023.0,8,12,266,266,3
350,preserved,94,2016.0,2023.0,8,12,266,266,3
351,preserved,95,2016.0,2023.0,8,12,266,266,3
352,preserved,95,2016.0,2023.0,8,12,266,266,3
353,preserved,95,2016.0,2023.0,8,12,266,266,3
354,preserved,94,2016.0,2023.0,8,12,266,266,3
355,preserved,94,2016.0,2023.0,8,12,266,266,3
356,preserved,94,2016.0,2023.0,8,12,266,266,3
357,preserved,95,2016.0,2023.0,8,12,266,266,3
358,preserved,95,2016.0,2023.0,8,12,266,266,3
359,preserved,94,2016.0,2023.0,8,12,266,266,3
36,looted,95,2016.0,2023.0,8,12,266,266,3
36,preserved,93,2016.0,2023.0,8,12,266,266,3
360,preserved,94,2016.0,2023.0,8,12,266,266,3
361,preserved,95,2016.0,2023.0,8,12,266,266,3
362,preserved,94,2016.0,2023.0,8,12,266,266,3
363,preserved,95,2016.0,2023.0,8,12,266,266,3
364,preserved,95,2016.0,2023.0,8,12,266,266,3
365,preserved,94,2016.0,2023.0,8,12,266,266,3
366,preserved,94,2016.0,2023.0,8,12,266,266,3
367,preserved,94,2016.0,2023.0,8,12,266,266,3
368,preserved,95,2016.0,2023.0,8,12,266,266,3
369,preserved,95,2016.0,2023.0,8,12,266,266,3
37,looted,95,2016.0,2023.0,8,12,266,266,3
37,preserved,93,2016.0,2023.0,8,12,266,266,3
370,preserved,94,2016.0,2023.0,8,12,266,266,3
371,preserved,95,2016.0,2023.0,8,12,266,266,3
372,preserved,95,2016.0,2023.0,8,12,266,266,3
373,preserved,95,2016.0,2023.0,8,12,266,266,3
374,preserved,95,2016.0,2023.0,8,12,266,266,3
375,preserved,95,2016.0,2023.0,8,12,266,266,3
376,preserved,95,2016.0,2023.0,8,12,266,266,3
377,preserved,95,2016.0,2023.0,8,12,266,266,3
378,preserved,95,2016.0,2023.0,8,12,266,266,3
379,preserved,95,2016.0,2023.0,8,12,266,266,3
38,looted,95,2016.0,2023.0,8,12,266,266,3
38,preserved,93,2016.0,2023.0,8,12,266,266,3
380,preserved,95,2016.0,2023.0,8,12,266,266,3
381,preserved,95,2016.0,2023.0,8,12,266,266,3
382,preserved,95,2016.0,2023.0,8,12,266,266,3
383,preserved,95,2016.0,2023.0,8,12,266,266,3
384,preserved,95,2016.0,2023.0,8,12,266,266,3
385,preserved,95,2016.0,2023.0,8,12,266,266,3
386,preserved,95,2016.0,2023.0,8,12,266,266,3
387,preserved,95,2016.0,2023.0,8,12,266,266,3
388,preserved,95,2016.0,2023.0,8,12,266,266,3
389,preserved,95,2016.0,2023.0,8,12,266,266,3
39,looted,94,2016.0,2023.0,8,12,266,266,3
39,preserved,93,2016.0,2023.0,8,12,266,266,3
390,preserved,94,2016.0,2023.0,8,12,266,266,3
391,preserved,94,2016.0,2023.0,8,12,266,266,3
392,preserved,95,2016.0,2023.0,8,12,266,266,3
393,preserved,95,2016.0,2023.0,8,12,266,266,3
394,preserved,95,2016.0,2023.0,8,12,266,266,3
395,preserved,95,2016.0,2023.0,8,12,266,266,3
396,preserved,95,2016.0,2023.0,8,12,266,266,3
397,preserved,94,2016.0,2023.0,8,12,266,266,3
398,preserved,95,2016.0,2023.0,8,12,266,266,3
399,preserved,95,2016.0,2023.0,8,12,266,266,3
4,looted,94,2016.0,2023.0,8,12,266,266,3
4,preserved,93,2016.0,2023.0,8,12,266,266,3
40,looted,95,2016.0,2023.0,8,12,266,266,3
40,preserved,94,2016.0,2023.0,8,12,266,266,3
400,preserved,95,2016.0,2023.0,8,12,266,266,3
401,preserved,95,2016.0,2023.0,8,12,266,266,3
402,preserved,95,2016.0,2023.0,8,12,266,266,3
403,preserved,95,2016.0,2023.0,8,12,266,266,3
404,preserved,95,2016.0,2023.0,8,12,266,266,3
405,preserved,95,2016.0,2023.0,8,12,266,266,3
406,preserved,95,2016.0,2023.0,8,12,266,266,3
407,preserved,94,2016.0,2023.0,8,12,266,266,3
408,preserved,95,2016.0,2023.0,8,12,266,266,3
409,preserved,95,2016.0,2023.0,8,12,266,266,3
41,looted,95,2016.0,2023.0,8,12,266,266,3
41,preserved,94,2016.0,2023.0,8,12,266,266,3
410,preserved,95,2016.0,2023.0,8,12,266,266,3
411,preserved,95,2016.0,2023.0,8,12,266,266,3
412,preserved,95,2016.0,2023.0,8,12,266,266,3
413,preserved,95,2016.0,2023.0,8,12,266,266,3
414,preserved,95,2016.0,2023.0,8,12,266,266,3
415,preserved,95,2016.0,2023.0,8,12,266,266,3
416,preserved,95,2016.0,2023.0,8,12,266,266,3
417,preserved,95,2016.0,2023.0,8,12,266,266,3
418,preserved,94,2016.0,2023.0,8,12,266,266,3
419,preserved,95,2016.0,2023.0,8,12,266,266,3
42,looted,95,2016.0,2023.0,8,12,266,266,3
42,preserved,93,2016.0,2023.0,8,12,266,266,3
420,preserved,94,2016.0,2023.0,8,12,266,266,3
421,preserved,95,2016.0,2023.0,8,12,266,266,3
422,preserved,94,2016.0,2023.0,8,12,266,266,3
423,preserved,94,2016.0,2023.0,8,12,266,266,3
424,preserved,94,2016.0,2023.0,8,12,266,266,3
425,preserved,94,2016.0,2023.0,8,12,266,266,3
426,preserved,95,2016.0,2023.0,8,12,266,266,3
427,preserved,94,2016.0,2023.0,8,12,266,266,3
428,preserved,95,2016.0,2023.0,8,12,266,266,3
429,preserved,94,2016.0,2023.0,8,12,266,266,3
43,looted,95,2016.0,2023.0,8,12,266,266,3
43,preserved,94,2016.0,2023.0,8,12,266,266,3
430,preserved,95,2016.0,2023.0,8,12,266,266,3
431,preserved,95,2016.0,2023.0,8,12,266,266,3
432,preserved,94,2016.0,2023.0,8,12,266,266,3
433,preserved,95,2016.0,2023.0,8,12,266,266,3
434,preserved,94,2016.0,2023.0,8,12,266,266,3
435,preserved,95,2016.0,2023.0,8,12,266,266,3
436,preserved,94,2016.0,2023.0,8,12,266,266,3
437,preserved,95,2016.0,2023.0,8,12,266,266,3
438,preserved,95,2016.0,2023.0,8,12,266,266,3
439,preserved,95,2016.0,2023.0,8,12,266,266,3
44,looted,95,2016.0,2023.0,8,12,266,266,3
44,preserved,94,2016.0,2023.0,8,12,266,266,3
440,preserved,94,2016.0,2023.0,8,12,266,266,3
441,preserved,94,2016.0,2023.0,8,12,266,266,3
442,preserved,93,2016.0,2023.0,8,12,266,266,3
443,preserved,94,2016.0,2023.0,8,12,266,266,3
444,preserved,95,2016.0,2023.0,8,12,266,266,3
445,preserved,93,2016.0,2023.0,8,12,266,266,3
446,preserved,95,2016.0,2023.0,8,12,266,266,3
447,preserved,95,2016.0,2023.0,8,12,266,266,3
448,preserved,95,2016.0,2023.0,8,12,266,266,3
449,preserved,94,2016.0,2023.0,8,12,266,266,3
45,looted,95,2016.0,2023.0,8,12,266,266,3
45,preserved,95,2016.0,2023.0,8,12,266,266,3
450,preserved,95,2016.0,2023.0,8,12,266,266,3
451,preserved,95,2016.0,2023.0,8,12,266,266,3
452,preserved,93,2016.0,2023.0,8,12,266,266,3
453,preserved,95,2016.0,2023.0,8,12,266,266,3
454,preserved,94,2016.0,2023.0,8,12,266,266,3
455,preserved,95,2016.0,2023.0,8,12,266,266,3
456,preserved,95,2016.0,2023.0,8,12,266,266,3
457,preserved,94,2016.0,2023.0,8,12,266,266,3
458,preserved,94,2016.0,2023.0,8,12,266,266,3
459,preserved,95,2016.0,2023.0,8,12,266,266,3
46,looted,94,2016.0,2023.0,8,12,266,266,3
46,preserved,95,2016.0,2023.0,8,12,266,266,3
460,preserved,95,2016.0,2023.0,8,12,266,266,3
461,preserved,95,2016.0,2023.0,8,12,266,266,3
462,preserved,94,2016.0,2023.0,8,12,266,266,3
463,preserved,94,2016.0,2023.0,8,12,266,266,3
464,preserved,94,2016.0,2023.0,8,12,266,266,3
465,preserved,94,2016.0,2023.0,8,12,266,266,3
466,preserved,94,2016.0,2023.0,8,12,266,266,3
467,preserved,94,2016.0,2023.0,8,12,266,266,3
468,preserved,94,2016.0,2023.0,8,12,266,266,3
469,preserved,94,2016.0,2023.0,8,12,266,266,3
47,looted,95,2016.0,2023.0,8,12,266,266,3
47,preserved,95,2016.0,2023.0,8,12,266,266,3
470,preserved,94,2016.0,2023.0,8,12,266,266,3
471,preserved,94,2016.0,2023.0,8,12,266,266,3
472,preserved,94,2016.0,2023.0,8,12,266,266,3
473,preserved,94,2016.0,2023.0,8,12,266,266,3
474,preserved,93,2016.0,2023.0,8,12,266,266,3
475,preserved,94,2016.0,2023.0,8,12,266,266,3
476,preserved,94,2016.0,2023.0,8,12,266,266,3
477,preserved,94,2016.0,2023.0,8,12,266,266,3
478,preserved,94,2016.0,2023.0,8,12,266,266,3
479,preserved,95,2016.0,2023.0,8,12,266,266,3
48,looted,95,2016.0,2023.0,8,12,266,266,3
48,preserved,94,2016.0,2023.0,8,12,266,266,3
480,preserved,94,2016.0,2023.0,8,12,266,266,3
481,preserved,95,2016.0,2023.0,8,12,266,266,3
482,preserved,94,2016.0,2023.0,8,12,266,266,3
483,preserved,93,2016.0,2023.0,8,12,266,266,3
484,preserved,94,2016.0,2023.0,8,12,266,266,3
485,preserved,94,2016.0,2023.0,8,12,266,266,3
486,preserved,93,2016.0,2023.0,8,12,266,266,3
487,preserved,94,2016.0,2023.0,8,12,266,266,3
488,preserved,93,2016.0,2023.0,8,12,266,266,3
489,preserved,95,2016.0,2023.0,8,12,266,266,3
49,looted,95,2016.0,2023.0,8,12,266,266,3
49,preserved,94,2016.0,2023.0,8,12,266,266,3
490,preserved,95,2016.0,2023.0,8,12,266,266,3
491,preserved,94,2016.0,2023.0,8,12,266,266,3
492,preserved,93,2016.0,2023.0,8,12,266,266,3
493,preserved,94,2016.0,2023.0,8,12,266,266,3
494,preserved,95,2016.0,2023.0,8,12,266,266,3
495,preserved,95,2016.0,2023.0,8,12,266,266,3
496,preserved,94,2016.0,2023.0,8,12,266,266,3
497,preserved,94,2016.0,2023.0,8,12,266,266,3
498,preserved,94,2016.0,2023.0,8,12,266,266,3
499,preserved,94,2016.0,2023.0,8,12,266,266,3
5,looted,94,2016.0,2023.0,8,12,266,266,3
5,preserved,93,2016.0,2023.0,8,12,266,266,3
50,looted,95,2016.0,2023.0,8,12,266,266,3
50,preserved,94,2016.0,2023.0,8,12,266,266,3
500,preserved,94,2016.0,2023.0,8,12,266,266,3
501,preserved,94,2016.0,2023.0,8,12,266,266,3
502,preserved,94,2016.0,2023.0,8,12,266,266,3
503,preserved,95,2016.0,2023.0,8,12,266,266,3
504,preserved,95,2016.0,2023.0,8,12,266,266,3
505,preserved,94,2016.0,2023.0,8,12,266,266,3
506,preserved,94,2016.0,2023.0,8,12,266,266,3
507,preserved,94,2016.0,2023.0,8,12,266,266,3
508,preserved,94,2016.0,2023.0,8,12,266,266,3
509,preserved,94,2016.0,2023.0,8,12,266,266,3
51,looted,95,2016.0,2023.0,8,12,266,266,3
51,preserved,93,2016.0,2023.0,8,12,266,266,3
510,preserved,94,2016.0,2023.0,8,12,266,266,3
511,preserved,94,2016.0,2023.0,8,12,266,266,3
512,preserved,94,2016.0,2023.0,8,12,266,266,3
513,preserved,94,2016.0,2023.0,8,12,266,266,3
514,preserved,94,2016.0,2023.0,8,12,266,266,3
515,preserved,94,2016.0,2023.0,8,12,266,266,3
516,preserved,94,2016.0,2023.0,8,12,266,266,3
517,preserved,94,2016.0,2023.0,8,12,266,266,3
518,preserved,94,2016.0,2023.0,8,12,266,266,3
519,preserved,94,2016.0,2023.0,8,12,266,266,3
52,looted,95,2016.0,2023.0,8,12,266,266,3
52,preserved,93,2016.0,2023.0,8,12,266,266,3
520,preserved,94,2016.0,2023.0,8,12,266,266,3
521,preserved,94,2016.0,2023.0,8,12,266,266,3
522,preserved,94,2016.0,2023.0,8,12,266,266,3
523,preserved,94,2016.0,2023.0,8,12,266,266,3
524,preserved,94,2016.0,2023.0,8,12,266,266,3
525,preserved,94,2016.0,2023.0,8,12,266,266,3
526,preserved,94,2016.0,2023.0,8,12,266,266,3
527,preserved,94,2016.0,2023.0,8,12,266,266,3
528,preserved,94,2016.0,2023.0,8,12,266,266,3
529,preserved,94,2016.0,2023.0,8,12,266,266,3
53,looted,94,2016.0,2023.0,8,12,266,266,3
53,preserved,93,2016.0,2023.0,8,12,266,266,3
530,preserved,94,2016.0,2023.0,8,12,266,266,3
531,preserved,94,2016.0,2023.0,8,12,266,266,3
532,preserved,94,2016.0,2023.0,8,12,266,266,3
533,preserved,94,2016.0,2023.0,8,12,266,266,3
534,preserved,93,2016.0,2023.0,8,12,266,266,3
535,preserved,94,2016.0,2023.0,8,12,266,266,3
536,preserved,94,2016.0,2023.0,8,12,266,266,3
537,preserved,95,2016.0,2023.0,8,12,266,266,3
538,preserved,95,2016.0,2023.0,8,12,266,266,3
539,preserved,95,2016.0,2023.0,8,12,266,266,3
54,looted,95,2016.0,2023.0,8,12,266,266,3
54,preserved,92,2016.0,2023.0,8,12,266,266,3
55,looted,95,2016.0,2023.0,8,12,266,266,3
55,preserved,93,2016.0,2023.0,8,12,266,266,3
56,looted,95,2016.0,2023.0,8,12,266,266,3
56,preserved,94,2016.0,2023.0,8,12,266,266,3
57,looted,95,2016.0,2023.0,8,12,266,266,3
57,preserved,94,2016.0,2023.0,8,12,266,266,3
58,looted,95,2016.0,2023.0,8,12,266,266,3
58,preserved,94,2016.0,2023.0,8,12,266,266,3
59,looted,95,2016.0,2023.0,8,12,266,266,3
59,preserved,94,2016.0,2023.0,8,12,266,266,3
6,looted,94,2016.0,2023.0,8,12,266,266,3
6,preserved,93,2016.0,2023.0,8,12,266,266,3
60,looted,95,2016.0,2023.0,8,12,266,266,3
60,preserved,95,2016.0,2023.0,8,12,266,266,3
61,looted,95,2016.0,2023.0,8,12,266,266,3
61,preserved,94,2016.0,2023.0,8,12,266,266,3
62,looted,94,2016.0,2023.0,8,12,266,266,3
62,preserved,93,2016.0,2023.0,8,12,266,266,3
63,looted,95,2016.0,2023.0,8,12,266,266,3
63,preserved,94,2016.0,2023.0,8,12,266,266,3
64,looted,95,2016.0,2023.0,8,12,266,266,3
64,preserved,93,2016.0,2023.0,8,12,266,266,3
65,looted,95,2016.0,2023.0,8,12,266,266,3
65,preserved,93,2016.0,2023.0,8,12,266,266,3
66,looted,94,2016.0,2023.0,8,12,266,266,3
66,preserved,93,2016.0,2023.0,8,12,266,266,3
67,looted,95,2016.0,2023.0,8,12,266,266,3
67,preserved,93,2016.0,2023.0,8,12,266,266,3
68,looted,95,2016.0,2023.0,8,12,266,266,3
68,preserved,94,2016.0,2023.0,8,12,266,266,3
69,looted,95,2016.0,2023.0,8,12,266,266,3
69,preserved,94,2016.0,2023.0,8,12,266,266,3
7,looted,94,2016.0,2023.0,8,12,266,266,3
7,preserved,93,2016.0,2023.0,8,12,266,266,3
70,looted,95,2016.0,2023.0,8,12,266,266,3
70,preserved,93,2016.0,2023.0,8,12,266,266,3
71,looted,93,2016.0,2023.0,8,12,266,266,3
71,preserved,95,2016.0,2023.0,8,12,266,266,3
72,looted,95,2016.0,2023.0,8,12,266,266,3
72,preserved,95,2016.0,2023.0,8,12,266,266,3
73,looted,94,2016.0,2023.0,8,12,266,266,3
73,preserved,94,2016.0,2023.0,8,12,266,266,3
74,looted,95,2016.0,2023.0,8,12,266,266,3
74,preserved,93,2016.0,2023.0,8,12,266,266,3
75,looted,94,2016.0,2023.0,8,12,266,266,3
75,preserved,94,2016.0,2023.0,8,12,266,266,3
76,looted,95,2016.0,2023.0,8,12,266,266,3
76,preserved,94,2016.0,2023.0,8,12,266,266,3
77,looted,94,2016.0,2023.0,8,12,266,266,3
77,preserved,94,2016.0,2023.0,8,12,266,266,3
78,looted,94,2016.0,2023.0,8,12,266,266,3
78,preserved,94,2016.0,2023.0,8,12,266,266,3
79,looted,95,2016.0,2023.0,8,12,266,266,3
79,preserved,95,2016.0,2023.0,8,12,266,266,3
8,looted,94,2016.0,2023.0,8,12,266,266,3
8,preserved,93,2016.0,2023.0,8,12,266,266,3
80,looted,95,2016.0,2023.0,8,12,266,266,3
80,preserved,93,2016.0,2023.0,8,12,266,266,3
81,looted,95,2016.0,2023.0,8,12,266,266,3
81,preserved,93,2016.0,2023.0,8,12,266,266,3
82,looted,95,2016.0,2023.0,8,12,266,266,3
82,preserved,93,2016.0,2023.0,8,12,266,266,3
83,looted,95,2016.0,2023.0,8,12,266,266,3
83,preserved,93,2016.0,2023.0,8,12,266,266,3
84,looted,94,2016.0,2023.0,8,12,266,266,3
84,preserved,93,2016.0,2023.0,8,12,266,266,3
85,looted,95,2016.0,2023.0,8,12,266,266,3
85,preserved,95,2016.0,2023.0,8,12,266,266,3
86,looted,95,2016.0,2023.0,8,12,266,266,3
86,preserved,95,2016.0,2023.0,8,12,266,266,3
87,looted,95,2016.0,2023.0,8,12,266,266,3
87,preserved,95,2016.0,2023.0,8,12,266,266,3
88,looted,95,2016.0,2023.0,8,12,266,266,3
88,preserved,95,2016.0,2023.0,8,12,266,266,3
89,looted,94,2016.0,2023.0,8,12,266,266,3
89,preserved,95,2016.0,2023.0,8,12,266,266,3
9,looted,94,2016.0,2023.0,8,12,266,266,3
9,preserved,92,2016.0,2023.0,8,12,266,266,3
90,looted,95,2016.0,2023.0,8,12,266,266,3
90,preserved,95,2016.0,2023.0,8,12,266,266,3
91,looted,94,2016.0,2023.0,8,12,266,266,3
91,preserved,95,2016.0,2023.0,8,12,266,266,3
92,looted,94,2016.0,2023.0,8,12,266,266,3
92,preserved,95,2016.0,2023.0,8,12,266,266,3
93,looted,94,2016.0,2023.0,8,12,266,266,3
93,preserved,95,2016.0,2023.0,8,12,266,266,3
94,looted,94,2016.0,2023.0,8,12,266,266,3
94,preserved,95,2016.0,2023.0,8,12,266,266,3
95,looted,94,2016.0,2023.0,8,12,266,266,3
95,preserved,95,2016.0,2023.0,8,12,266,266,3
96,looted,94,2016.0,2023.0,8,12,266,266,3
96,preserved,95,2016.0,2023.0,8,12,266,266,3
97,looted,94,2016.0,2023.0,8,12,266,266,3
97,preserved,95,2016.0,2023.0,8,12,266,266,3
98,looted,94,2016.0,2023.0,8,12,266,266,3
98,preserved,95,2016.0,2023.0,8,12,266,266,3
99,looted,95,2016.0,2023.0,8,12,266,266,3
99,preserved,95,2016.0,2023.0,8,12,266,266,3
