experiment_name,variant,k,strategy,use_change_features,frame_drop_prob,epoch,train_loss,train_accuracy,train_precision,train_recall,train_f1,train_roc_auc,train_far,val_loss,val_accuracy,val_precision,val_recall,val_f1,val_roc_auc,val_far
step10_K8_change_gru_framedrop,proposed_change_gru_framedrop,8,uniform,True,0.25,1,0.605289690327226,0.7140350877192982,0.3157894736842105,0.54,0.3985239852398524,0.7176808510638297,0.24893617021276596,1.0500205258528392,0.6666666666666666,0.8,0.4444444444444444,0.5714285714285714,0.7037037037037037,0.1111111111111111
step10_K8_change_gru_framedrop,proposed_change_gru_framedrop,8,uniform,True,0.25,2,0.5122218590033681,0.7456140350877193,0.37967914438502676,0.71,0.49477351916376305,0.8285957446808511,0.24680851063829787,1.23374162779914,0.7777777777777778,1.0,0.5555555555555556,0.7142857142857143,0.7654320987654322,0.0
step10_K8_change_gru_framedrop,proposed_change_gru_framedrop,8,uniform,True,0.25,3,0.3869002386339401,0.8421052631578947,0.5362318840579711,0.74,0.6218487394957983,0.9050851063829788,0.13617021276595745,0.8938132921854655,0.7777777777777778,0.8571428571428571,0.6666666666666666,0.75,0.8148148148148149,0.1111111111111111
step10_K8_change_gru_framedrop,proposed_change_gru_framedrop,8,uniform,True,0.25,4,0.36997417802350563,0.8894736842105263,0.6554621848739496,0.78,0.7123287671232876,0.9242978723404256,0.08723404255319149,0.8196719355053372,0.6666666666666666,0.6666666666666666,0.6666666666666666,0.6666666666666666,0.7901234567901234,0.3333333333333333
step10_K8_change_gru_framedrop,proposed_change_gru_framedrop,8,uniform,True,0.25,5,0.31783555253948037,0.9087719298245615,0.7,0.84,0.7636363636363637,0.9396595744680851,0.07659574468085106,1.3570908970303006,0.7222222222222222,0.75,0.6666666666666666,0.7058823529411765,0.7530864197530864,0.2222222222222222
step10_K8_change_gru_framedrop,proposed_change_gru_framedrop,8,uniform,True,0.25,6,0.3417607962562327,0.9105263157894737,0.7333333333333333,0.77,0.751219512195122,0.9369787234042553,0.059574468085106386,1.134111053413815,0.8333333333333334,1.0,0.6666666666666666,0.8,0.8024691358024693,0.0
step10_K8_change_gru_framedrop,proposed_change_gru_framedrop,8,uniform,True,0.25,7,0.25379151224828606,0.9140350877192982,0.7142857142857143,0.85,0.776255707762557,0.9647021276595744,0.07234042553191489,1.3849640356169806,0.7777777777777778,0.8571428571428571,0.6666666666666666,0.75,0.8271604938271605,0.1111111111111111
step10_K8_change_gru_framedrop,proposed_change_gru_framedrop,8,uniform,True,0.25,8,0.21693700083384387,0.9403508771929825,0.83,0.83,0.83,0.9768085106382979,0.036170212765957444,1.3740014682213466,0.8333333333333334,0.875,0.7777777777777778,0.8235294117647058,0.8518518518518519,0.1111111111111111
step10_K8_change_gru_framedrop,proposed_change_gru_framedrop,8,uniform,True,0.25,9,0.18463699431076908,0.9403508771929825,0.7946428571428571,0.89,0.839622641509434,0.9809787234042553,0.04893617021276596,1.4509707623057895,0.8333333333333334,1.0,0.6666666666666666,0.8,0.8518518518518519,0.0
step10_K8_change_gru_framedrop,proposed_change_gru_framedrop,8,uniform,True,0.25,10,0.2667447282556902,0.9263157894736842,0.7959183673469388,0.78,0.7878787878787878,0.971,0.0425531914893617,1.5634726650185056,0.8888888888888888,1.0,0.7777777777777778,0.875,0.8024691358024691,0.0
step10_K8_change_gru_framedrop,proposed_change_gru_framedrop,8,uniform,True,0.25,11,0.17232545584668976,0.9614035087719298,0.8823529411764706,0.9,0.8910891089108911,0.9860212765957447,0.02553191489361702,2.002479977077908,0.7777777777777778,1.0,0.5555555555555556,0.7142857142857143,0.8271604938271605,0.0
step10_K8_change_gru_framedrop,proposed_change_gru_framedrop,8,uniform,True,0.25,12,0.22028445047714437,0.9491228070175438,0.8817204301075269,0.82,0.8497409326424871,0.9798510638297873,0.023404255319148935,1.30648697902345,0.8888888888888888,1.0,0.7777777777777778,0.875,0.8888888888888888,0.0
step10_K8_change_gru_framedrop,proposed_change_gru_framedrop,8,uniform,True,0.25,13,0.1539965338139027,0.9473684210526315,0.8240740740740741,0.89,0.8557692307692307,0.9876170212765958,0.04042553191489362,1.7101404799355402,0.7222222222222222,0.8333333333333334,0.5555555555555556,0.6666666666666666,0.8518518518518519,0.1111111111111111
step10_K8_change_gru_framedrop,proposed_change_gru_framedrop,8,uniform,True,0.25,14,0.17706589874762454,0.9596491228070175,0.8737864077669902,0.9,0.8866995073891626,0.979659574468085,0.027659574468085105,1.4596455891927083,0.8333333333333334,0.875,0.7777777777777778,0.8235294117647058,0.8271604938271605,0.1111111111111111
step10_K8_change_gru_framedrop,proposed_change_gru_framedrop,8,uniform,True,0.25,15,0.1695585415976351,0.956140350877193,0.8947368421052632,0.85,0.8717948717948718,0.9887659574468085,0.02127659574468085,2.2511079443825617,0.7777777777777778,1.0,0.5555555555555556,0.7142857142857143,0.8148148148148149,0.0
