epoch,train_loss,train_accuracy,train_precision,train_recall,train_f1,train_roc_auc,train_far,val_loss,val_accuracy,val_precision,val_recall,val_f1,val_roc_auc,val_far
1,0.5867161381662938,0.7140350877192982,0.32786885245901637,0.6,0.42402826855123676,0.7552340425531915,0.26170212765957446,1.0579112999969058,0.7777777777777778,0.7777777777777778,0.7777777777777778,0.7777777777777778,0.7530864197530864,0.2222222222222222
2,0.5251596678767287,0.7421052631578947,0.36416184971098264,0.63,0.46153846153846156,0.8103617021276596,0.23404255319148937,0.9629324807061089,0.8333333333333334,1.0,0.6666666666666666,0.8,0.8395061728395061,0.0
3,0.4301736209999051,0.8017543859649123,0.4619883040935672,0.79,0.5830258302583026,0.8821063829787233,0.19574468085106383,0.8680901792314317,0.7222222222222222,0.7,0.7777777777777778,0.7368421052631579,0.7407407407407407,0.3333333333333333
4,0.42253382467387013,0.8245614035087719,0.5,0.76,0.6031746031746031,0.8863191489361703,0.16170212765957448,1.40322278936704,0.8333333333333334,0.875,0.7777777777777778,0.8235294117647058,0.7654320987654321,0.1111111111111111
5,0.34919582124341997,0.8473684210526315,0.5419354838709678,0.84,0.6588235294117647,0.9272978723404255,0.15106382978723404,1.3801274829440646,0.6666666666666666,0.6363636363636364,0.7777777777777778,0.7,0.7654320987654321,0.4444444444444444
6,0.3564601187120404,0.8614035087719298,0.5789473684210527,0.77,0.6609442060085837,0.9157872340425531,0.11914893617021277,2.096658608979649,0.7777777777777778,0.7777777777777778,0.7777777777777778,0.7777777777777778,0.7160493827160495,0.2222222222222222
7,0.33807254595714703,0.8614035087719298,0.5724137931034483,0.83,0.6775510204081633,0.9236595744680851,0.13191489361702127,1.22359213564131,0.7777777777777778,1.0,0.5555555555555556,0.7142857142857143,0.9012345679012346,0.0
8,0.39440211146547083,0.8578947368421053,0.5673758865248227,0.8,0.6639004149377593,0.9055531914893616,0.12978723404255318,1.5468338860405817,0.7222222222222222,0.75,0.6666666666666666,0.7058823529411765,0.8148148148148148,0.2222222222222222
9,0.3261776107445098,0.8842105263157894,0.625,0.85,0.7203389830508474,0.9347021276595745,0.10851063829787234,1.359637275338173,0.8333333333333334,0.875,0.7777777777777778,0.8235294117647058,0.7530864197530863,0.1111111111111111
