epoch,K,fusion_type,train_loss,train_accuracy,val_loss,val_accuracy,val_precision,val_recall,val_f1,val_auc
1,3,attention,0.6231065237795124,0.851145038167939,0.5954543352127075,0.6111111111111112,0.5625,1.0,0.72,0.617283950617284
2,3,attention,0.5528112123258241,0.8187022900763359,1.5477324210935168,0.5,0.5,0.2222222222222222,0.3076923076923077,0.43209876543209874
3,3,attention,0.43578592303941266,0.8568702290076335,1.8500665823618572,0.3888888888888889,0.3333333333333333,0.2222222222222222,0.26666666666666666,0.4320987654320988
4,3,attention,0.46422759779082,0.8740458015267175,1.6013565129703946,0.5,0.5,0.4444444444444444,0.47058823529411764,0.40740740740740744
5,3,attention,0.3940505376298919,0.8740458015267175,0.9713476896286011,0.5555555555555556,0.5384615384615384,0.7777777777777778,0.6363636363636364,0.5432098765432098
6,3,attention,0.43932852296883823,0.8568702290076335,1.0609566701783075,0.3888888888888889,0.4,0.4444444444444444,0.42105263157894735,0.6049382716049383
7,3,attention,0.3875382386773597,0.8969465648854962,0.8052597178353204,0.6111111111111112,0.5714285714285714,0.8888888888888888,0.6956521739130435,0.6049382716049383
8,3,attention,0.3980028322179809,0.8454198473282443,1.38419990407096,0.3888888888888889,0.4,0.4444444444444444,0.42105263157894735,0.5432098765432098
9,3,attention,0.36171911292858705,0.8759541984732825,0.6894506216049194,0.6111111111111112,0.5714285714285714,0.8888888888888888,0.6956521739130435,0.617283950617284
10,3,attention,0.44927320316547653,0.8377862595419847,1.3148789008458455,0.4444444444444444,0.4444444444444444,0.4444444444444444,0.4444444444444444,0.46913580246913583
