epoch,K,strategy,model,frame_drop_prob,train_loss,train_accuracy,val_loss,val_accuracy,val_precision,val_recall,val_f1,val_auc
1,5,uniform,proposed_change_aware_attention,0.25,0.6250232491101927,0.732824427480916,1.396137492524253,0.5,0.0,0.0,0.0,0.35802469135802467
2,5,uniform,proposed_change_aware_attention,0.25,0.6536710828770208,0.7824427480916031,0.9943284822834862,0.5,0.0,0.0,0.0,0.45679012345679015
3,5,uniform,proposed_change_aware_attention,0.25,0.6434466329239706,0.7652671755725191,0.6965419716305203,0.5,0.5,0.2222222222222222,0.3076923076923077,0.5802469135802469
4,5,uniform,proposed_change_aware_attention,0.25,0.5483010046127188,0.7881679389312977,0.7787979443868002,0.5555555555555556,0.5555555555555556,0.5555555555555556,0.5555555555555556,0.4691358024691358
5,5,uniform,proposed_change_aware_attention,0.25,0.5647798649227346,0.7900763358778626,0.6509911351733737,0.5,0.5,1.0,0.6666666666666666,0.30864197530864196
6,5,uniform,proposed_change_aware_attention,0.25,0.5903656933143848,0.7194656488549618,0.7558641764852736,0.5,0.5,0.2222222222222222,0.3076923076923077,0.5432098765432098
7,5,uniform,proposed_change_aware_attention,0.25,0.588401060977965,0.7404580152671756,0.6166741583082411,0.5555555555555556,0.5333333333333333,0.8888888888888888,0.6666666666666666,0.5061728395061729
8,5,uniform,proposed_change_aware_attention,0.25,0.554386168718338,0.7538167938931297,0.955867114994261,0.5555555555555556,1.0,0.1111111111111111,0.2,0.6049382716049383
9,5,uniform,proposed_change_aware_attention,0.25,0.5174433979141804,0.7557251908396947,0.6964520414670309,0.5555555555555556,0.5555555555555556,0.5555555555555556,0.5555555555555556,0.5925925925925926
10,5,uniform,proposed_change_aware_attention,0.25,0.5273940510877216,0.8129770992366412,1.2491778930028279,0.5,0.0,0.0,0.0,0.6790123456790124
