epoch,train_loss,train_accuracy,val_loss,val_accuracy,val_precision,val_recall,val_f1,val_auc
1,2.8774590428548916,0.6297709923664122,1.5498260425196753,0.3888888888888889,0.4,0.4444444444444444,0.42105263157894735,0.39506172839506176
2,0.8561972700457536,0.7423664122137404,0.902382320827908,0.3888888888888889,0.4166666666666667,0.5555555555555556,0.47619047619047616,0.3580246913580247
3,0.4673846161547508,0.8225190839694656,0.6993383566538492,0.4444444444444444,0.4666666666666667,0.7777777777777778,0.5833333333333334,0.3703703703703704
4,0.4679317626789326,0.7958015267175572,1.0772084991137187,0.3888888888888889,0.4166666666666667,0.5555555555555556,0.47619047619047616,0.3827160493827161
5,0.4251522508286338,0.8091603053435115,1.1212674313121371,0.3333333333333333,0.36363636363636365,0.4444444444444444,0.4,0.3827160493827161
6,0.42829604663011683,0.8034351145038168,0.7995535929997762,0.5,0.5,0.7777777777777778,0.6086956521739131,0.3827160493827161
7,0.3837961258779045,0.8320610687022901,0.924394448598226,0.3888888888888889,0.42857142857142855,0.6666666666666666,0.5217391304347826,0.39506172839506176
8,0.44346896928685314,0.7767175572519084,0.9937175048722161,0.3888888888888889,0.4166666666666667,0.5555555555555556,0.47619047619047616,0.3950617283950617
9,0.39227599826932863,0.816793893129771,1.5939810673395793,0.3888888888888889,0.4166666666666667,0.5555555555555556,0.47619047619047616,0.3950617283950617
10,0.396887642622904,0.8206106870229007,0.866915312078264,0.3888888888888889,0.4166666666666667,0.5555555555555556,0.47619047619047616,0.3827160493827161
