epoch,K,pooling_type,train_loss,train_accuracy,val_loss,val_accuracy,val_precision,val_recall,val_f1,val_auc
1,5,mean,0.6290638321683607,0.8568702290076335,1.2117876708507538,0.5,0.0,0.0,0.0,0.5925925925925926
2,5,mean,0.6312108358354059,0.7958015267175572,0.7083493206236098,0.5,0.5,0.2222222222222222,0.3076923076923077,0.6172839506172839
3,5,mean,0.6071117442982797,0.7977099236641222,1.1256493760479822,0.5,0.0,0.0,0.0,0.6790123456790124
4,5,mean,0.582558193734584,0.7690839694656488,0.6345027883847555,0.6111111111111112,0.5714285714285714,0.8888888888888888,0.6956521739130435,0.6790123456790124
5,5,mean,0.5742543831126381,0.7652671755725191,0.6312882039282057,0.6111111111111112,0.5625,1.0,0.72,0.4320987654320988
6,5,mean,0.539625583259204,0.8282442748091603,0.6883157160547044,0.5555555555555556,0.5454545454545454,0.6666666666666666,0.6,0.5802469135802469
7,5,mean,0.5699189225680955,0.7614503816793893,0.6843300196859572,0.5555555555555556,0.5384615384615384,0.7777777777777778,0.6363636363636364,0.5185185185185185
8,5,mean,0.4877234542642841,0.8263358778625954,0.6144602563646104,0.5555555555555556,0.5333333333333333,0.8888888888888888,0.6666666666666666,0.5308641975308641
9,5,mean,0.45572436811359784,0.8244274809160306,0.7864652474721273,0.5,0.5,0.5555555555555556,0.5263157894736842,0.5679012345679013
10,5,mean,0.4589683752478534,0.8320610687022901,1.3309913956456714,0.5,0.5,0.1111111111111111,0.18181818181818182,0.5555555555555556
